p1_001	Hi, nice to meet you
p1_002	Can you help me please
p1_003	I would like a glass of water
p1_004	Thank you so much
p1_005	I am not feeling well
p1_006	Please call my family
p1_007	Where is the bathroom
p1_008	I need a few more minutes
p1_009	Yes, that sounds good to me
p1_010	No, I do not want that
p1_011	Can you repeat that more slowly
p1_012	This app reads my lips and speaks for me
p1_013	The coffee shop on the corner opens early
p1_014	She left her umbrella on the bus
p1_015	We walked along the beach after dinner
p1_016	My brother is learning to play the guitar
p1_017	The library closes at nine on Fridays
p1_018	Please turn off the lights when you leave
p1_019	The cat jumped onto the kitchen table
p1_020	It started raining just as we got home
p1_021	He forgot his keys in the car again
p1_022	The train was late because of the snow
p1_023	I bought fresh bread from the bakery
p1_024	Our neighbours are moving to another city
p1_025	The movie was longer than I expected
p1_026	Can we meet outside the main entrance
p1_027	The garden looks beautiful in the spring
p1_028	She painted the bedroom a light blue
p1_029	They are planning a trip to the mountains
p1_030	The phone battery died in the middle of the call
p1_031	I usually go for a run in the morning
p1_032	The soup needs a little more salt
p1_033	We should leave before the traffic gets bad
p1_034	He wrote a long letter to his grandmother
p1_035	The children were playing in the park
p1_036	I can never remember where I parked
p1_037	The meeting has been moved to next week
p1_038	This jacket is too warm for today
p1_039	The dog barks every time someone knocks
p1_040	She speaks three languages fluently
p1_041	Hello, nice to meet you
p1_042	Could you help me please
p1_043	I would like some water
p1_044	Thank you very much
p1_045	I am not feeling very well
p1_046	Please call my brother
p1_047	Where is the nearest bathroom
p1_048	I need a little more time
p1_049	Yes, that sounds great
p1_050	No, I don't want that
p1_051	Could you say that again slowly
p1_052	This app reads my lips and talks for me
p1_053	Let me know when you are ready to go
p1_054	The museum has a new exhibit about space
p1_055	We ran out of milk this morning
p1_056	The bridge was closed for repairs
p1_057	I think the store is still open
p1_058	He always takes the stairs instead of the elevator
p1_059	The weather forecast says it will be sunny
p1_060	My favourite season is autumn
p1_061	The pizza arrived while we were watching the game
p1_062	Please write your name at the top of the page
p1_063	The plane landed safely despite the wind
p1_064	She keeps a small notebook in her pocket
p1_065	We need to buy a new vacuum cleaner
p1_066	The concert tickets sold out in minutes
p1_067	I left the window open last night
p1_068	The teacher asked us to read the first chapter
p1_069	He fixed the bike with an old wrench
p1_070	They painted a mural on the school wall
p1_071	The river was calm and very cold
p1_072	I prefer tea without any sugar
p1_073	The lecture was surprisingly interesting
p1_074	Our flight leaves early tomorrow morning
p1_075	She found a wallet on the sidewalk
p1_076	The printer is out of paper again
p1_077	We watched the sunset from the hill
p1_078	He is allergic to peanuts and shellfish
p1_079	The bakery sells the best cinnamon rolls
p1_080	Turn left at the second traffic light
